-- ============================================================
-- Wedding Planner — Seed Data
-- Run AFTER 01_schema.sql
-- ============================================================

-- ─── Settings ───────────────────────────────────────────────
insert into settings (key, value, label) values
  ('wedding_date',       '2026-08-15',                              'Wedding Date'),
  ('fx_rate_eur_gbp',    '0.87',                                    'FX Rate (EUR → GBP)'),
  ('default_seats',      '8',                                       'Default Seats per Table'),
  ('seating_plan_url',   'http://localhost:3000/seating',           'Seating Plan URL'),
  ('maggie_email',       '',                                        'Maggie''s Email'),
  ('bobby_email',        '',                                        'Bobby''s Email')
on conflict (key) do nothing;

-- ─── Vendors ────────────────────────────────────────────────
insert into vendors (vendor_id, vendor_name, category, contact_name, email, phone, contract_signed, contract_value_eur) values
  ('V001', 'Le Pordor',                       'Venue',        'Olivia de Varreux',    'o.devarreux@gmail.com',        '+33 6 99 69 43 48', true,  7600.00),
  ('V002', 'Edouard Set',                     'Catering',     'Ophelie Guero',        'contact@edouardset.com',       '+33 00 00 00 01',   true,  0.00),
  ('V003', 'Louise Helbert (OnlyDay Events)', 'Decoration',   'Louise Helbert',       'contact@onlyday-events.com',   '+33 6 16 25 29 94', false, 0.00),
  ('V004', 'DJ',                              'Music/DJ',     'Venue contract',       null,                           null,                false, 1200.00),
  ('V005', 'Louise Helbert (OnlyDay Events)', 'Coordination', 'Louise Helbert',       'contact@onlyday-events.com',   '+33 6 16 25 29 94', false, 1300.00),
  ('V006', 'Videographer TBC',               'Videography',  null,                   null,                           null,                false, 0.00),
  ('V007', 'Sophie Delachoue',               'Photography',  'Sophie Delachoue',     'hello@sophiedelachoue.fr',     null,                true,  0.00),
  ('V009', 'Sophie (Maquilleuse44)',          'Hair/Makeup',  'Sophie',               'sophie.maquilleuse44@orange.fr', null,              false, 0.00)
on conflict (vendor_id) do nothing;

-- ─── Budget Items ────────────────────────────────────────────
insert into budget_items (budget_item_id, category, description, vendor_id, units, price_per_unit_eur, actual_invoiced_eur, actual_paid_eur, active, notes) values
  ('B001',  'Venue',                 'Venue hire',                                   'V001', 1,    7600.00, 7600.00, 4000.00, true,  'Includes 2 nights accommodation, DJ, on the day coordinator'),
  ('B002',  'Catering',              'Food & beverage per head wedding day',          'V002', 99,   145.00,  1500.00, 1500.00, true,  null),
  ('B003',  'Decorator',             'Decorations for wedding tables and internal',   'V003', 1,    1500.00, 0.00,    0.00,    true,  null),
  ('B004',  'Photographer',          'Estimate of photographer',                      null,   1,    3200.00, 1000.00, 1000.00, true,  null),
  ('B005',  'Videographer',          'Estimate of videographer',                      null,   1,    3249.00, 960.00,  960.00,  true,  null),
  ('B006',  'Flowers',               'Flowers',                                       null,   1,    1200.00, 0.00,    0.00,    true,  null),
  ('B0011', 'Additional decorations','Additional decorations',                        null,   1,    500.00,  0.00,    0.00,    true,  null),
  ('B007',  'Hair & Makeup',         'Hair & Makeup',                                 null,   1,    900.00,  0.00,    0.00,    true,  null),
  ('B008',  'Music/DJ',              'DJ for cocktails, dinner and party',            'V004', 1,    1200.00, 0.00,    0.00,    true,  null),
  ('B009',  'Coordination',          'D-day coordination',                            'V005', 1,    1300.00, 0.00,    0.00,    true,  null),
  ('B010',  'Drinks',                'Wine for the day',                              null,   30,   20.00,   0.00,    0.00,    true,  null)
on conflict (budget_item_id) do nothing;

-- ─── Invoices ────────────────────────────────────────────────
insert into invoices (invoice_id, vendor_id, budget_item_id, description, amount_eur, due_date, paid, payment_method) values
  ('I001', 'V001', 'B001', 'Venue deposit',       2000.00, '2026-01-06', true,  'Bank transfer'),
  ('I002', 'V001', 'B001', '6 month deposit',     2000.00, '2026-02-15', true,  null),
  ('I003', 'V001', 'B001', 'Final venue payment', 3600.00, '2026-07-15', false, null),
  ('I004', 'V006', 'B004', 'Videographer deposit',1000.00, null,         true,  null),
  ('I005', 'V007', 'B005', 'Photographer deposit', 960.00, null,         true,  null),
  ('I006', 'V002', 'B002', 'Catering deposit',    1500.00, null,         true,  'Bank transfer')
on conflict (invoice_id) do nothing;

-- ─── Tasks (96 tasks from spreadsheet) ───────────────────────
insert into tasks (task_id, category, name, assigned_to, due_date, status, priority, notes) values
  ('T001','Foundations',        'Agree wedding vision (style, size, priorities)', 'Both',   '2025-05-15','In progress','High',  'Kickoff'),
  ('T002','Foundations',        'Set target budget + who pays what',              'Both',   '2025-05-15','In progress','High',  null),
  ('T003','Foundations',        'Draft guest list v0 (rough counts by side)',     'Both',   '2025-05-15','Done',       'High',  null),
  ('T004','Foundations',        'Choose date range + shortlisting criteria',      'Both',   '2025-05-15','Done',       'Medium',null),
  ('T005','Foundations',        'Decide planning tools & shared doc locations',   'Both',   '2025-05-15','Done',       'Low',   null),
  ('T006','Venue',              'Shortlist venues',                               'Both',   '2025-05-15','Done',       'High',  null),
  ('T007','Venue',              'Book venue visits & questions list',             'Both',   '2025-05-15','Done',       'Medium',null),
  ('T008','Venue',              'Compare packages/terms + select venue',          'Both',   '2025-06-15','Done',       'High',  null),
  ('T009','Venue',              'Book venue',                                     'Both',   '2025-06-15','Done',       'High',  null),
  ('T010','Venue',              'Pay deposit',                                    null,     '2026-02-01','Done',       null,    null),
  ('T011','Civil Ceremony',     'Select civil ceremony format',                   'Both',   null,        null,        null,    null),
  ('T012','Main Ceremony',      'Decide ceremony structure',                      'Both',   '2026-04-01','Not started','High', null),
  ('T013','Main Ceremony',      'Confirm officiant/registrar and availability',   'Both',   '2026-02-01','Not started','High', null),
  ('T014','Key Vendors',        'Book photographer',                              'Both',   '2026-01-15','Not started','High', null),
  ('T015','Key Vendors',        'Book videographer (optional)',                   'Both',   '2026-01-15','Done',       'Medium',null),
  ('T016','Key Vendors',        'Book caterer (if not included with venue)',      'Both',   '2025-07-15','Done',       'High',  null),
  ('T017','Key Vendors',        'Book band/DJ',                                   'Both',   '2025-08-15','Done',       'High',  null),
  ('T018','Key Vendors',        'Book florist',                                   'Both',   '2026-01-15','Not started','Medium',null),
  ('T019','Key Vendors',        'Book cake/dessert vendor',                       'Both',   '2026-01-15','Not started','Medium',null),
  ('T020','Key Vendors',        'Book hair & makeup',                             'Both',   '2026-01-15','Not started','Medium',null),
  ('T021','Key Vendors',        'Book transport (if needed)',                     'Both',   '2026-04-15','Not started','Medium',null),
  ('T022','Key Vendors',        'Book rentals (chairs/linens/etc. if needed)',    'Both',   '2026-02-15','Done',       'Medium',null),
  ('T023','Wedding Party',      'Select Bridesmaids',                             'Maggie', '2026-02-01','Done',       null,    null),
  ('T024','Wedding Party',      'Ask bridesmaids',                                'Maggie', '2026-02-01','Done',       null,    null),
  ('T025','Wedding Party',      'Select groomsmen',                               'Bobby',  '2025-12-01','Done',       null,    null),
  ('T026','Wedding Party',      'Ask groomsmen',                                  'Bobby',  null,        'Done',       null,    null),
  ('T027','Maggie Attire',      'Start outfit research (dress/suit)',             'Maggie', '2025-08-15','Done',       'Medium',null),
  ('T028','Maggie Attire',      'Order outfit(s) (allow lead time)',              'Maggie', '2025-10-15','Done',       'High',  null),
  ('T029','Maggie Attire',      'Accessories plan (shoes, jewellery, etc.)',      'Maggie', '2026-02-15','Not started','Low',   null),
  ('T030','Maggie Attire',      'Schedule alterations / fittings',               'Maggie', '2026-06-15','Done',       'High',  null),
  ('T031','Maggie Attire',      'Final fitting + pick-up',                        'Maggie', '2026-08-01','Not started','High', null),
  ('T032','Bridesmaid Attire',  'Research bridesmaids attire options',            'Maggie', null,        null,         null,   null),
  ('T033','Bridesmaid Attire',  'Inform bridesmaids/arrange fittings',            'Maggie', null,        null,         null,   null),
  ('T034','Bobby Attire',       'Start outfit research (dress/suit)',             'Bobby',  null,        null,         null,   null),
  ('T035','Bobby Attire',       'Order outfit(s) (allow lead time)',              'Bobby',  null,        null,         null,   null),
  ('T036','Bobby Attire',       'Accessories plan (shoes, jewellery, etc.)',      'Bobby',  null,        null,         null,   null),
  ('T037','Bobby Attire',       'Schedule alterations / fittings',               'Bobby',  null,        null,         null,   null),
  ('T038','Bobby Attire',       'Final fitting + pick-up',                        'Bobby',  null,        null,         null,   null),
  ('T039','Groomsmen Attire',   'Research options',                               'Both',   null,        null,         null,   null),
  ('T040','Groomsmen Attire',   'Coordinate fitting and orders',                  'Bobby',  null,        null,         null,   null),
  ('T041','Decorator',          'Develop theme Pinterest board',                  'Maggie', '2026-01-02',null,         null,   null),
  ('T042','Guests & Comms',     'Collect guest emails/postal addresses',          'Both',   '2026-01-15','Not started','Medium',null),
  ('T043','Guests & Comms',     'Create wedding website / info hub',              'Both',   '2026-01-15','Not started','Low',  null),
  ('T044','Guests & Comms',     'Develop international save the date comms',      'Maggie', '2026-01-02',null,         null,   null),
  ('T045','Guests & Comms',     'Send Save the Dates',                            'Both',   '2025-12-15','In progress','Medium',null),
  ('T046','Invitations',        'Finalise guest list v1 (names + plus-ones)',     'Both',   '2026-02-15','Not started','High', null),
  ('T047','Invitations',        'Design invitations + day-of stationery plan',    'Maggie', '2026-02-15','Not started','Medium',null),
  ('T048','Invitations',        'Order invitations',                              'Maggie', '2026-03-15','Not started','High', null),
  ('T049','Invitations',        'Send invitations',                               'Maggie', '2026-05-15','Not started','High', null),
  ('T050','RSVPs',              'Track RSVPs weekly',                             'Both',   '2026-05-15','Not started','High', null),
  ('T051','RSVPs',              'Chase non-responders',                           'Both',   '2026-06-15','Not started','High', null),
  ('T052','Rings',              'Ring research + sizing',                         'Both',   '2025-11-15','Not started','Medium',null),
  ('T053','Rings',              'Purchase/order rings',                           'Both',   '2026-02-15','Not started','High', null),
  ('T054','Rings',              'Pick up rings',                                  'Both',   '2026-06-15','Not started','High', null),
  ('T055','Food & Drink',       'Confirm menu direction + dietary plan',          'Bobby',  '2025-11-15','Not started','Medium',null),
  ('T056','Food & Drink',       'Tasting + final menu sign-off',                  'Bobby',  '2026-04-15','Not started','High', null),
  ('T057','Food & Drink',       'Decide drinks/bar items for day',                'Bobby',  '2026-04-15','Not started','Medium',null),
  ('T058','Food & Drink',       'Research wholesale wine and beverage providers', 'Maggie', null,        null,         null,   null),
  ('T059','Food & Drink',       'Decide cocktail plan and required beverages',    'Bobby',  null,        null,         null,   null),
  ('T060','Food & Drink',       'Confirm final headcount deadline with caterer',  'Bobby',  '2026-07-15','Not started','High', null),
  ('T061','Design & Décor',     'Develop theme Pinterest board',                  'Maggie', '2025-10-15','Not started','Low',  null),
  ('T062','Design & Décor',     'Share Pinterest board with decorator',           'Maggie', '2026-02-15','Not started','Low',  null),
  ('T063','Design & Décor',     'Review and provide feedback on designs',         'Both',   '2026-05-15','Not started',null,   null),
  ('T064','Design & Décor',     'Signage plan (welcome sign, seating chart, menus)','Both','2026-05-15','Not started','Medium',null),
  ('T065','Design & Décor',     'Sign off final designs',                         'Both',   '2026-05-15','Not started',null,   null),
  ('T066','Day Games',          'Select and order games for wedding day and brunch','Bobby',null,        'Not started',null,   null),
  ('T067','Logistics',          'Get list of on-site accommodation',              'Maggie', null,        'Not started',null,   null),
  ('T068','Logistics',          'Assign guests to on-site accommodation',         'Both',   null,        'Not started',null,   null),
  ('T069','Logistics',          'Hotel blocks / accommodation guidance for guests','Maggie','2026-01-15','Not started','Medium',null),
  ('T070','Logistics',          'Transport plan for guests (if remote venue)',    'Both',   '2026-03-15','Not started','Medium',null),
  ('T071','Logistics',          'Accessibility/comfort check (older guests, etc.)','Both', '2026-05-15','Not started','Medium',null),
  ('T072','Day Plan',           'Draft day timeline v0 (ceremony → reception)',  'Both',   '2026-02-15','Not started','Medium',null),
  ('T073','Day Plan',           'Create vendor contact sheet (names, numbers, arrival times)','Both','2026-07-15','Not started','High',null),
  ('T074','Day Plan',           'Share final timeline + key contacts with vendors','Both',  '2026-08-01','Not started','High', null),
  ('T075','Day Plan',           'Rehearsal / walkthrough (if applicable)',        'Both',   '2026-08-08','Not started','Medium',null),
  ('T076','Day Plan',           'Select wedding music',                           'Both',   '2026-03-15',null,         null,   null),
  ('T077','Day Plan',           'Choreograph/practice first dance',               'Both',   '2026-04-15',null,         null,   null),
  ('T078','Tables',             'Initial table plan draft',                       'Maggie', '2026-05-15','Not started','Medium',null),
  ('T079','Tables',             'Lock table plan + seating chart print plan',     'Maggie', '2026-07-25','Not started','High', null),
  ('T080','Tables',             'Send final seating + dietary list to caterer',   'Bobby',  '2026-08-01','Not started','High', null),
  ('T081','Legal',              'Review marriage legal requirements for your location','Maggie','2025-11-15','Not started','Medium',null),
  ('T082','Legal',              'Book appointment to give notice',                'Both',   '2026-05-15','Not started','High', null),
  ('T083','Legal',              'Give notice of marriage (≥75 days before, within 12 months)','Both','2026-06-15','Not started','High',null),
  ('T084','Legal',              'Confirm documents needed on the day',            'Both',   '2026-08-01','Not started','High', null),
  ('T085','Payments',           'Enter all vendor contracts + deposit schedule',  'Maggie', '2026-02-15','Not started','Medium',null),
  ('T086','Payments',           'Create invoice/payment plan (who pays what)',    'Both',   '2026-06-15','Not started','High', null),
  ('T087','Payments',           'Prepare tips/envelopes plan (if tipping)',       'Both',   '2026-08-08','Not started','Medium',null),
  ('T088','Final Prep',         'Emergency kit + day-of packing list',            'Both',   '2026-08-08','Not started','Medium',null),
  ('T089','Final Prep',         'Confirm vendor arrival times + final balances due','Both', '2026-08-08','Not started','High', null),
  ('T090','Final Prep',         'Confirm music cue sheet / playlists',            'Both',   '2026-08-08','Not started','Medium',null),
  ('T091','Final Prep',         'Final confirmation calls/messages to key vendors','Both',  '2026-08-12','Not started','High', null),
  ('T092','Wedding Day',        'Have rings + documents + vows ready',            'Both',   '2026-08-15','Not started','High', 'Day-of checklist'),
  ('T093','Wedding Day',        'Point person for vendor questions (who fields what)','Both','2026-08-15','Not started','Medium',null),
  ('T094','After',              'Return rentals/attire items',                    'Both',   '2026-08-16','Not started','Medium',null),
  ('T095','After',              'Confirm final payments + outstanding invoices',  'Both',   '2026-08-17','Not started','High', null),
  ('T096','After',              'Thank-you note plan + start sending',            'Both',   '2026-08-29','Not started','Low',  null)
on conflict (task_id) do nothing;

-- ─── Guests (113 guests from spreadsheet) ────────────────────
insert into guests (guest_id, head_guest_id, first_name, last_name, side, email, save_the_date_sent, invite_sent, rsvp_status) values
  ('G001', null,   'Helen',          'Davey',            'Bride', 'alice@example.com', true,  false, 'Accepted'),
  ('G002', 'G001', 'Paul',           'Davey',            'Bride', null,                true,  false, 'Accepted'),
  ('G003', 'G002', 'Edward',         'Davey',            'Bride', null,                true,  false, 'Accepted'),
  ('G004', 'G003', 'Thom',           null,               'Bride', null,                true,  false, 'Declined'),
  ('G005', 'G004', 'Brendan',        'Davey',            'Bride', null,                true,  false, 'Accepted'),
  ('G006', null,   'Nadia',          'Galicov',          'Bride', null,                true,  false, 'Accepted'),
  ('G007', 'G007', 'Roman',          'Galicov',          'Bride', null,                true,  false, 'Accepted'),
  ('G008', null,   'Julia',          'Sharwood',         'Bride', null,                true,  false, 'Accepted'),
  ('G009', 'G009', 'Jao',            null,               'Bride', null,                true,  false, 'Accepted'),
  ('G010', null,   'Lucy',           'Laaja',            'Bride', null,                true,  false, 'Pending'),
  ('G011', 'G010', 'Paul',           'Quagliata',        'Bride', null,                true,  false, 'Pending'),
  ('G012', null,   'Susannah',       'Brown',            'Bride', null,                true,  false, 'Accepted'),
  ('G013', 'G012', 'Brian',          null,               'Bride', null,                true,  false, 'Accepted'),
  ('G014', null,   'Bathsheba',      'Piepe',            'Bride', null,                true,  false, 'Accepted'),
  ('G015', 'G014', 'Nicolo',         null,               'Bride', null,                true,  false, 'Accepted'),
  ('G016', null,   'Olivia',         'Piepe Wright',     'Bride', null,                true,  false, 'Accepted'),
  ('G017', 'G017', 'Tom',            'Piepe Wright',     'Bride', null,                true,  false, 'Accepted'),
  ('G018', null,   'Kieren',         'Sing',             'Bride', null,                true,  false, 'Accepted'),
  ('G019', null,   'Nalini',         'Mandayam',         'Bride', null,                true,  false, 'Accepted'),
  ('G020', null,   'Damos',          null,               'Bride', null,                true,  false, 'Accepted'),
  ('G021', null,   'Jessica',        'Cole',             'Bride', null,                true,  false, 'Accepted'),
  ('G022', 'G021', 'Nico C',         null,               'Bride', null,                true,  false, 'Accepted'),
  ('G023', null,   'Charlotte',      'Hamer',            'Bride', null,                true,  false, 'Declined'),
  ('G024', 'G024', 'Ben',            null,               'Bride', null,                true,  false, 'Declined'),
  ('G025', null,   'Rid',            'Raheem',           'Bride', null,                true,  false, 'Accepted'),
  ('G026', null,   'Victoria',       'Cody',             'Bride', null,                true,  false, 'Accepted'),
  ('G027', null,   'Tim',            'Ebeling Born',     'Bride', null,                true,  false, 'Accepted'),
  ('G028', 'G027', 'Ange',           'Ebeling Born',     'Bride', null,                true,  false, 'Accepted'),
  ('G029', null,   'Horatio',        'Lyons',            'Bride', null,                true,  false, 'Accepted'),
  ('G029b','G029', 'Horatio',        'Plus 1',           'Bride', null,                true,  false, 'Pending'),
  ('G030', null,   'Matt',           'Furlan',           'Bride', null,                true,  false, 'Pending'),
  ('G031', 'G030', 'Alice',          null,               'Bride', null,                true,  false, 'Pending'),
  ('G032', null,   'Debbie',         'Ooi',              'Bride', null,                true,  false, 'Pending'),
  ('G034', null,   'Heather',        'Watson',           'Bride', null,                true,  false, 'Declined'),
  ('G035', 'G034', 'Simon',          'Lobashee',         'Bride', null,                true,  false, 'Declined'),
  ('G036', null,   'Jessica',        'Abad Kelly',       'Bride', null,                true,  false, 'Pending'),
  ('G037', 'G036', 'Porche',         'Bae',              'Bride', null,                true,  false, 'Pending'),
  ('G038', null,   'Francesca',      'Carter',           'Bride', null,                true,  false, 'Pending'),
  ('G040', null,   'Chris',          'Edwards',          'Bride', null,                false, false, 'Pending'),
  ('G041', 'G041', 'Ian',            null,               'Bride', null,                false, false, 'Declined'),
  ('G042', null,   'Meegan',         'Conolley',         'Bride', null,                false, false, 'Pending'),
  ('G043', null,   'Leesa',          'Conolley',         'Bride', null,                false, false, 'Declined'),
  ('G044', null,   'Marion',         'Conolley',         'Bride', null,                false, false, 'Declined'),
  ('G045', 'G044', 'Greg',           'Conolley',         'Bride', null,                false, false, 'Declined'),
  ('G046', null,   'Alan',           'Davey',            'Bride', null,                false, false, 'Pending'),
  ('G047', 'G046', 'Karen',          'Davey',            'Bride', null,                false, false, 'Pending'),
  ('G048', null,   'Hannah',         'Climpson Stuart',  'Bride', null,                true,  false, 'Pending'),
  ('G049', null,   'Linda',          'Hoole',            'Bride', null,                true,  false, 'Pending'),
  ('G050', 'G050', 'Rob',            'Hoole',            'Bride', null,                true,  false, 'Pending'),
  ('G051', null,   'James',          'Mant',             'Bride', null,                true,  false, 'Pending'),
  ('G052', 'G051', 'Carol',          'Mant',             'Bride', null,                true,  false, 'Pending'),
  ('G053', null,   'Tom',            'Hijskin',          'Bride', null,                false, false, 'Pending'),
  ('G056', 'G057', 'Hans den Bezemer',null,              'Groom', null,                true,  false, 'Pending'),
  ('G057', null,   'Ineke Ornée',    null,               'Groom', null,                true,  false, 'Pending'),
  ('G058', null,   'Sander den Bezemer',null,            'Groom', null,                true,  false, 'Pending'),
  ('G059', 'G059', 'Davis',          null,               'Groom', null,                true,  false, 'Pending'),
  ('G060', null,   'Florian',        null,               'Groom', null,                true,  false, 'Pending'),
  ('G061', null,   'Qi',             null,               'Groom', null,                true,  false, 'Pending'),
  ('G062', 'G061', 'Arthur',         null,               'Groom', null,                true,  false, 'Pending'),
  ('G063', null,   'Nick Schoen',    null,               'Groom', null,                true,  false, 'Pending'),
  ('G064', 'G063', 'Denise',         null,               'Groom', null,                true,  false, 'Pending'),
  ('G065', null,   'Timo',           null,               'Groom', null,                true,  false, 'Pending'),
  ('G066', 'G066', 'Rose',           null,               'Groom', null,                true,  false, 'Pending'),
  ('G067', null,   'Kareem',         null,               'Groom', null,                true,  false, 'Pending'),
  ('G068', null,   'Daryo',          null,               'Groom', null,                true,  false, 'Pending'),
  ('G069', 'G068', 'Finske',         null,               'Groom', null,                true,  false, 'Pending'),
  ('G070', null,   'Dan',            null,               'Groom', null,                true,  false, 'Pending'),
  ('G071', null,   'Doug',           null,               'Groom', null,                true,  false, 'Pending'),
  ('G072', 'G071', 'Ana',            null,               'Groom', null,                true,  false, 'Pending'),
  ('G073', null,   'Kitty',          null,               'Groom', null,                true,  false, 'Pending'),
  ('G074', 'G073', 'Sarath',         null,               'Groom', null,                true,  false, 'Pending'),
  ('G075', null,   'Grandma',        null,               'Groom', null,                true,  false, 'Pending'),
  ('G076', null,   'Marijke',        null,               'Groom', null,                true,  false, 'Pending'),
  ('G077', 'G077', 'Siem',           null,               'Groom', null,                true,  false, 'Pending'),
  ('G078', null,   'Annemarie',      null,               'Groom', null,                true,  false, 'Pending'),
  ('G079', null,   'Klaas Jan',      null,               'Groom', null,                true,  false, 'Pending'),
  ('G080', null,   'Nina',           null,               'Groom', null,                true,  false, 'Pending'),
  ('G081', null,   'Anika',          null,               'Groom', null,                true,  false, 'Pending'),
  ('G082', 'G081', 'Charley',        null,               'Groom', null,                true,  false, 'Pending'),
  ('G083', null,   'Miriam',         null,               'Groom', null,                true,  false, 'Pending'),
  ('G084', 'G083', 'Mirco',          null,               'Groom', null,                true,  false, 'Pending'),
  ('G085', null,   'Kiren',          null,               'Groom', null,                true,  false, 'Pending'),
  ('G086', 'G085', 'Eric',           null,               'Groom', null,                true,  false, 'Pending'),
  ('G087', null,   'Bart',           null,               'Groom', null,                true,  false, 'Pending'),
  ('G088', 'G087', 'Magda',          null,               'Groom', null,                true,  false, 'Pending'),
  ('G089', null,   'Jan',            null,               'Groom', null,                true,  false, 'Pending'),
  ('G091', null,   'Karthik',        null,               'Groom', null,                true,  false, 'Pending'),
  ('G092', null,   'Vojta',          null,               'Groom', null,                true,  false, 'Pending'),
  ('G093', null,   'Machteld',       null,               'Groom', null,                true,  false, 'Pending'),
  ('G094', 'G093', 'Alex',           null,               'Groom', null,                true,  false, 'Pending'),
  ('G095', null,   'Fay',            null,               'Groom', null,                true,  false, 'Pending'),
  ('G096', 'G095', 'Julie',          null,               'Groom', null,                true,  false, 'Pending'),
  ('G097', null,   'Yentl',          null,               'Groom', null,                true,  false, 'Pending'),
  ('G098', null,   'Bruno',          null,               'Groom', null,                true,  false, 'Pending'),
  ('G099', null,   'JC',             null,               'Groom', null,                true,  false, 'Declined'),
  ('G100', 'G099', 'Susan',          null,               'Groom', null,                true,  false, 'Declined'),
  ('G101', null,   'Jess',           null,               'Groom', null,                true,  false, 'Pending'),
  ('G102', 'G101', 'Kars',           null,               'Groom', null,                true,  false, 'Pending'),
  ('G103', null,   'Annika (German)',null,                'Groom', null,                true,  false, 'Declined'),
  ('G104', null,   'Susan',          null,               'Groom', null,                true,  false, 'Pending'),
  ('G105', null,   'Divya',          null,               'Groom', null,                true,  false, 'Pending'),
  ('G106', null,   'Joei',           null,               'Groom', null,                true,  false, 'Pending'),
  ('G107', null,   'Steff',          null,               'Groom', null,                true,  false, 'Pending'),
  ('G108', null,   'Emil',           null,               'Groom', null,                true,  false, 'Pending'),
  ('G109', null,   'Lennard',        null,               'Groom', null,                true,  false, 'Pending'),
  ('G110', null,   'Marcel',         null,               'Groom', null,                true,  false, 'Pending'),
  ('G111', null,   'Andrea',         null,               'Groom', null,                true,  false, 'Pending'),
  ('G112', null,   'Bryan',          null,               'Groom', null,                true,  false, 'Pending'),
  ('G113', 'G111', 'Sjoerd',         null,               'Groom', null,                true,  false, 'Pending'),
  ('G114', null,   'Jeremy',         null,               'Groom', null,                true,  false, 'Declined'),
  ('G115', 'G113', 'Larissa',        null,               'Groom', null,                true,  false, 'Declined'),
  ('G116', null,   'Dina',           null,               'Groom', null,                true,  false, 'Pending'),
  ('G117', null,   'Andrew',         null,               'Groom', null,                true,  false, 'Pending')
on conflict (guest_id) do nothing;
